<?xml version="1.0" encoding="UTF-8" standalone="no"?><world xmlns="http://world.bunnies.de" xmlns:xsi="http://www.w3.org/2001/XMLSchema-instance" xsi:noNamespaceSchemaLocation="world.xsd" xsi:schemaLocation="http://world.bunnies.de&#10; world.xsd"><walls><wall maxX="1.0" maxY="0.01" minX="0.0" minY="0.0" zindex="10"/><wall image="1 (4).png" maxX="0.12" maxY="0.13" minX="0.02" minY="-0.01" zindex="31"/><wall image="1 (6).png" maxX="0.42" maxY="0.12" minX="0.32" minY="0.04" zindex="27"/><wall image="1 (13).png" maxX="1.03" maxY="0.07" minX="0.32" minY="-0.01" zindex="11"/><wall image="1 (4).png" maxX="0.98" maxY="0.09" minX="0.84" minY="-0.01" zindex="34"/><wall image="1 (2).png" maxX="0.97" maxY="0.15" minX="0.87" minY="0.07" zindex="33"/><wall image="1 (5).png" maxX="0.75" maxY="0.38" minX="0.61" minY="0.3" zindex="48"/><wall image="1 (2).png" maxX="0.12" maxY="0.45" minX="0.02" minY="0.38" zindex="30"/><wall image="1 (1).png" maxX="0.95" maxY="0.47" minX="0.84" minY="0.4" zindex="32"/><wall maxX="1.01" maxY="2.0" minX="1.0" minY="0.0" zindex="22"/><wall image="1 (1).png" maxX="0.11" maxY="0.67" minX="0.01" minY="0.6" zindex="29"/><wall image="1 (14).png" maxX="0.63" maxY="0.74" minX="0.43" minY="0.65" zindex="18"/><wall image="1 (14).png" maxX="0.65" maxY="0.79" minX="0.47" minY="0.72" zindex="23"/><wall image="1 (4).png" maxX="0.61" maxY="0.85" minX="0.52" minY="0.77" zindex="4"/><wall image="1 (1).png" maxX="0.97" maxY="0.81" minX="0.88" minY="0.72" zindex="20"/><wall image="1 (5).png" maxX="0.84" maxY="0.31" minX="0.54" minY="0.25" zindex="51"/><wall image="1 (1).png" maxX="0.28" maxY="0.28" minX="0.13" minY="0.22" zindex="21"/><wall image="1 (1).png" maxX="0.82" maxY="0.93" minX="0.74" minY="0.86" zindex="24"/><wall image="1 (1).png" maxX="0.26" maxY="0.84" minX="0.19" minY="0.77" zindex="26"/><wall image="1 (1).png" maxX="0.11" maxY="1.01" minX="0.01" minY="0.93" zindex="35"/><wall image="1 (1).png" maxX="0.32" maxY="0.5" minX="0.2" minY="0.44" zindex="37"/><wall image="1 (14).png" maxX="0.58" maxY="0.68" minX="0.31" minY="0.63" zindex="46"/><wall image="1 (1).png" maxX="0.8" maxY="0.61" minX="0.71" minY="0.56" zindex="38"/><wall maxX="1.11" maxY="0.79" minX="0.96" minY="0.0" zindex="12"/><wall maxX="0.02" maxY="1.35" minX="0.0" minY="0.0" zindex="15"/></walls><icewalls><icewall image="1 (23).png" maxX="0.9" maxY="0.14" minX="0.8" minY="0.05" zindex="0"/><icewall image="1 (23).png" maxX="0.55" maxY="0.32" minX="0.45" minY="0.24" zindex="50"/><icewall image="1 (23).png" maxX="0.63" maxY="0.38" minX="0.52" minY="0.3" zindex="49"/><icewall image="1 (23).png" maxX="0.71" maxY="0.46" minX="0.59" minY="0.36" zindex="9"/></icewalls><jumpers><jumper image="1 (16).png" maxX="0.44" maxY="0.15" minX="0.37" minY="0.08" zindex="36"/></jumpers><spawnpoints><spawnpoint x="0.075" y="0.2"/><spawnpoint x="0.075" y="0.8"/><spawnpoint x="0.175" y="0.35"/><spawnpoint x="0.275" y="0.9"/><spawnpoint x="0.325" y="0.75"/><spawnpoint x="0.6" y="0.1"/><spawnpoint x="0.925" y="0.2"/><spawnpoint x="0.8" y="0.4"/><spawnpoint x="0.925" y="0.57499999"/><spawnpoint x="0.75" y="0.65"/><spawnpoint x="0.75" y="0.95"/></spawnpoints><waters><water image="1 (10).png" maxX="0.35" maxY="0.11" minX="0.08" minY="-0.03" zindex="19"/></waters><backgrounds><background image="1 (12).png" maxX="0.23332248" maxY="0.27716678" minX="0.14571" minY="0.0519704" zindex="40"/><background image="1 (11).png" maxX="0.23773112" maxY="0.44497104" minX="0.10373128" minY="0.22799088" zindex="14"/><background image="1 (7).png" maxX="0.10181887" maxY="1.2044016" minX="-0.01527327" minY="-0.04873744" zindex="47"/><background image="1 (1).png" maxX="0.22265496" maxY="0.283466" minX="0.19647192" minY="0.25826919" zindex="45"/><background image="1 (4).png" maxX="0.46690192" maxY="0.1007892" minX="0.37526128" minY="-0.007872" zindex="42"/><background image="1 (21).png" maxX="0.39930176" maxY="0.1307104" minX="0.32509159" minY="0.0535452" zindex="41"/><background image="1 (2).png" maxX="0.39741616" maxY="0.0724428" minX="0.29606976" minY="-0.0094468" zindex="43"/><background image="1 (8).png" maxX="1.02652982" maxY="0.80188768" minX="0.85714048" minY="-0.06288832" zindex="13"/><background image="1 (1).png" maxX="1.00992896" maxY="0.80475952" minX="0.95838144" minY="0.70554712" zindex="28"/><background image="1 (1).png" maxX="1.04505302" maxY="0.78266024" minX="0.90734304" minY="0.65667624" zindex="25"/><background image="1 (6).png" maxX="0.418594" maxY="0.70546527" minX="0.36421384" minY="0.64404807" zindex="52"/><background image="1 (6).png" maxX="0.38385272" maxY="0.71647398" minX="0.32107056" minY="0.64403318" zindex="7"/><background image="1 (21).png" maxX="0.52005552" maxY="0.79520904" minX="0.45817456" minY="0.72749264" zindex="44"/><background image="1 (21).png" maxX="0.480918" maxY="0.75111464" minX="0.4270432" minY="0.71489424" zindex="6"/><background image="1 (6).png" maxX="0.4589844" maxY="0.7720136" minX="0.41970984" minY="0.73535672" zindex="5"/><background image="1 (5).png" maxX="0.58954125" maxY="0.69127224" minX="0.2998536" minY="0.62107088" zindex="16"/><background image="1 (5).png" maxX="0.63847652" maxY="0.74952744" minX="0.42010392" minY="0.63993871" zindex="17"/><background image="1 (5).png" maxX="0.66204048" maxY="0.79835864" minX="0.4709948" minY="0.71174464" zindex="3"/><background image="1 (1).png" maxX="0.1941936" maxY="0.29134" minX="0.16064904" minY="0.2566944" zindex="39"/><background image="1 (18).png" maxX="0.58140438" maxY="0.65194935" minX="0.3142696" minY="0.07399775" zindex="8"/><background image="1 (18).png" maxX="0.78347712" maxY="0.27830512" minX="0.61385512" minY="0.0362224" zindex="2"/><background image="1 (18).png" maxX="0.10918264" maxY="0.39308448" minX="0.03259964" minY="0.10849456" zindex="1"/></backgrounds></world>