<?xml version="1.0" encoding="UTF-8" standalone="no"?><world xmlns="http://world.bunnies.de" xmlns:xsi="http://www.w3.org/2001/XMLSchema-instance" xsi:noNamespaceSchemaLocation="world.xsd" xsi:schemaLocation="http://world.bunnies.de&#10; world.xsd"><walls><wall image="invisible.png" maxX="1.0" maxY="0.01" minX="0.0" minY="0.0" zindex="2"/><wall image="1 (4).png" maxX="0.12" maxY="0.13" minX="0.01164723" minY="-0.01" zindex="42"/><wall image="1 (6).png" maxX="0.42" maxY="0.12" minX="0.32" minY="0.04" zindex="30"/><wall image="1 (13).png" maxX="1.0" maxY="0.07" minX="0.32" minY="-0.01" zindex="20"/><wall image="1 (4).png" maxX="0.98" maxY="0.09" minX="0.84" minY="-0.01" zindex="31"/><wall image="1 (2).png" maxX="0.98" maxY="0.14" minX="0.87" minY="0.06" zindex="11"/><wall image="1 (24).png" maxX="0.75" maxY="0.39" minX="0.61" minY="0.3" zindex="7"/><wall image="1 (1).png" maxX="0.12593463" maxY="0.43664696" minX="0.00654664" minY="0.36664696" zindex="4"/><wall image="1 (1).png" maxX="0.94851632" maxY="0.48219916" minX="0.83729712" minY="0.40483672" zindex="41"/><wall image="invisible.png" maxX="1.01" maxY="2.0" minX="1.0" minY="0.0" zindex="26"/><wall image="1 (1).png" maxX="0.11" maxY="0.67" minX="0.01" minY="0.6" zindex="5"/><wall image="1 (25).png" maxX="0.63" maxY="0.74" minX="0.43" minY="0.65" zindex="24"/><wall image="1 (25).png" maxX="0.65" maxY="0.79" minX="0.47" minY="0.72" zindex="27"/><wall image="1 (4).png" maxX="0.61" maxY="0.85" minX="0.52" minY="0.77" zindex="16"/><wall image="1 (1).png" maxX="1.02445096" maxY="0.83560816" minX="0.89445096" minY="0.77151496" zindex="44"/><wall image="1 (24).png" maxX="0.84" maxY="0.32" minX="0.55" minY="0.25" zindex="14"/><wall image="1 (1).png" maxX="0.25291128" maxY="0.28999999" minX="0.12" minY="0.22" zindex="25"/><wall image="1 (1).png" maxX="0.82" maxY="0.93" minX="0.74" minY="0.86" zindex="28"/><wall image="1 (1).png" maxX="0.26788627" maxY="0.84" minX="0.17637234" minY="0.78635152" zindex="29"/><wall image="1 (1).png" maxX="0.1" maxY="1.02" minX="0.0" minY="0.94" zindex="32"/><wall image="1 (1).png" maxX="0.32" maxY="0.5" minX="0.2" minY="0.44" zindex="34"/><wall image="1 (25).png" maxX="0.57999999" maxY="0.68" minX="0.28999999" minY="0.63" zindex="37"/><wall image="1 (1).png" maxX="0.8" maxY="0.61" minX="0.71" minY="0.55" zindex="35"/><wall image="invisible.png" maxX="1.01" maxY="0.82" minX="1.0" minY="0.03" zindex="21"/><wall maxX="0.02" maxY="1.35" minX="0.0" minY="0.0" zindex="6"/><wall image="invisible.png" maxX="1.12110136" maxY="0.7878352" minX="0.968384" minY="0.06677152" zindex="1"/></walls><icewalls><icewall image="1 (23).png" maxX="0.9" maxY="0.14" minX="0.8" minY="0.05" zindex="9"/><icewall image="1 (23).png" maxX="0.56999999" maxY="0.32" minX="0.47" minY="0.24" zindex="39"/><icewall image="1 (23).png" maxX="0.64" maxY="0.39" minX="0.54" minY="0.3" zindex="38"/><icewall image="1 (23).png" maxX="0.7" maxY="0.45" minX="0.6" minY="0.37" zindex="8"/></icewalls><jumpers><jumper image="1 (16).png" maxX="0.44" maxY="0.15" minX="0.37" minY="0.08" zindex="33"/></jumpers><spawnpoints><spawnpoint x="0.075" y="0.2"/><spawnpoint x="0.075" y="0.8"/><spawnpoint x="0.175" y="0.35"/><spawnpoint x="0.275" y="0.9"/><spawnpoint x="0.325" y="0.75"/><spawnpoint x="0.6" y="0.1"/><spawnpoint x="0.925" y="0.2"/><spawnpoint x="0.8" y="0.4"/><spawnpoint x="0.925" y="0.57499999"/><spawnpoint x="0.75" y="0.65"/><spawnpoint x="0.75" y="0.95"/></spawnpoints><waters><water image="1 (10).png" maxX="0.35" maxY="0.11" minX="0.08" minY="-0.03" zindex="10"/></waters><backgrounds><background image="1 (7).png" maxX="0.09771668" maxY="1.2044016" minX="-0.01527327" minY="-0.04873744" zindex="43"/><background image="1 (4).png" maxX="0.46690192" maxY="0.1007892" minX="0.37526128" minY="-0.007872" zindex="47"/><background image="1 (21).png" maxX="0.39930176" maxY="0.1307104" minX="0.32509159" minY="0.0535452" zindex="45"/><background image="1 (2).png" maxX="0.39741616" maxY="0.0724428" minX="0.29606976" minY="-0.0094468" zindex="46"/><background image="1 (8).png" maxX="1.02652982" maxY="0.81454128" minX="0.85714048" minY="-0.06288832" zindex="0"/><background image="1 (6).png" maxX="0.43046336" maxY="0.70991623" minX="0.3760832" minY="0.64849903" zindex="12"/><background image="1 (6).png" maxX="0.35269568" maxY="0.70163725" minX="0.28991351" minY="0.62919645" zindex="18"/><background image="1 (21).png" maxX="0.51263716" maxY="0.79673712" minX="0.4791584" minY="0.76310064" zindex="36"/><background image="1 (6).png" maxX="0.484808" maxY="0.76296136" minX="0.44553344" minY="0.72630448" zindex="17"/><background image="1 (24).png" maxX="0.58954125" maxY="0.68627584" minX="0.28401764" minY="0.62107088" zindex="22"/><background image="1 (24).png" maxX="0.6347018" maxY="0.74346512" minX="0.42374336" minY="0.6421584" zindex="23"/><background image="1 (24).png" maxX="0.65479308" maxY="0.79411856" minX="0.46921696" minY="0.71174464" zindex="15"/><background image="1 (18) hell.png" maxX="0.58140438" maxY="0.65196224" minX="0.3142696" minY="0.06046152" zindex="19"/><background image="1 (18) hell.png" maxX="0.78347712" maxY="0.27830512" minX="0.61385512" minY="0.0362224" zindex="13"/><background image="1 (18) hell.png" maxX="0.10918264" maxY="0.41246668" minX="0.03259964" minY="0.10849456" zindex="3"/><background image="1 (6).png" maxX="0.37770304" maxY="0.694364" minX="0.34941688" minY="0.6691416" zindex="40"/></backgrounds></world>