<?xml version="1.0" encoding="UTF-8" standalone="no"?><world xmlns="http://world.bunnies.de" xmlns:xsi="http://www.w3.org/2001/XMLSchema-instance" xsi:noNamespaceSchemaLocation="world.xsd" xsi:schemaLocation="http://world.bunnies.de&#10; world.xsd"><walls><wall maxX="1.0E-5" maxY="2.0" minX="0.0" minY="0.0"/><wall maxX="1.0" maxY="0.0" minX="0.0" minY="-1.0E-5"/><wall maxX="0.05" maxY="1.0" minX="0.0" minY="0.1"/><wall maxX="0.1" maxY="0.15" minX="0.05" minY="0.1"/><wall maxX="0.4" maxY="0.1" minX="0.35" minY="0.0"/><wall maxX="0.95" maxY="0.05" minX="0.4" minY="0.0"/><wall image="wiese1" maxX="0.75" maxY="0.1" minX="0.7" minY="0.05"/><wall maxX="0.95" maxY="0.1" minX="0.85" minY="0.05"/><wall maxX="0.95" maxY="0.15" minX="0.9" minY="0.1"/><wall maxX="1.0" maxY="0.75" minX="0.95" minY="0.0"/><wall image="blumenwiese21" maxX="0.25" maxY="0.275" minX="0.1" minY="0.225"/><wall maxX="0.85" maxY="0.3" minX="0.5" minY="0.225"/><wall maxX="0.75" maxY="0.375" minX="0.55" minY="0.3"/><wall maxX="0.675" maxY="0.45" minX="0.6" minY="0.375"/><wall maxX="0.125" maxY="0.425" minX="0.05" minY="0.375"/><wall image="blumenwiese21" maxX="0.3" maxY="0.425" minX="0.225" minY="0.375"/><wall image="blumenwiese21" maxX="0.8" maxY="0.6" minX="0.7" minY="0.55"/><wall maxX="0.95" maxY="0.475" minX="0.85" minY="0.425"/><wall image="wiese3" maxX="0.95" maxY="0.525" minX="0.9" minY="0.475"/><wall maxX="1.00001" maxY="2.0" minX="1.0" minY="0.0"/><wall maxX="0.15" maxY="0.65" minX="0.05" minY="0.6"/><wall maxX="0.1" maxY="0.7" minX="0.05" minY="0.65"/><wall maxX="0.55" maxY="0.65" minX="0.275" minY="0.6"/><wall maxX="0.6" maxY="0.7" minX="0.4" minY="0.65"/><wall maxX="0.65" maxY="0.75" minX="0.45" minY="0.7"/><wall maxX="0.6" maxY="0.8" minX="0.5" minY="0.75"/><wall image="wiese2" maxX="0.55" maxY="0.85" minX="0.5" minY="0.8"/><wall maxX="0.95" maxY="0.75" minX="0.9" minY="0.7"/><wall maxX="0.1" maxY="1.0" minX="0.05" minY="0.95"/><wall image="blumenwiese21" maxX="0.325" maxY="0.85" minX="0.175" minY="0.8"/><wall image="blumenwiese21" maxX="0.85" maxY="0.9" minX="0.75" minY="0.85"/></walls><icewalls><icewall maxX="0.85" maxY="0.1" minX="0.75" minY="0.05"/><icewall maxX="0.5" maxY="0.3" minX="0.45" minY="0.225"/><icewall maxX="0.55" maxY="0.375" minX="0.5" minY="0.3"/><icewall maxX="0.6" maxY="0.45" minX="0.55" minY="0.375"/></icewalls><jumpers><jumper maxX="0.45" maxY="0.1" minX="0.4" minY="0.05"/></jumpers><spawnpoints><spawnpoint x="0.075" y="0.2"/><spawnpoint x="0.075" y="0.8"/><spawnpoint x="0.175" y="0.3"/><spawnpoint x="0.275" y="0.9"/><spawnpoint x="0.325" y="0.7"/><spawnpoint x="0.6" y="0.1"/><spawnpoint x="0.925" y="0.2"/><spawnpoint x="0.8" y="0.35"/><spawnpoint x="0.925" y="0.55"/><spawnpoint x="0.75" y="0.65"/><spawnpoint x="0.8" y="0.95"/></spawnpoints><waters><water maxX="0.35" maxY="0.1" minX="0.0" minY="0.0"/></waters><backgrounds/></world>