<?xml version="1.0" encoding="UTF-8" standalone="no"?><world xmlns="http://world.bunnies.de" xmlns:xsi="http://www.w3.org/2001/XMLSchema-instance" xsi:noNamespaceSchemaLocation="world.xsd" xsi:schemaLocation="http://world.bunnies.de&#10; world.xsd"><walls><wall maxX="1.0E-8" maxY="2.0" minX="0.0" minY="0.0" zindex="4"/><wall maxX="1.0" maxY="1.0E-8" minX="0.0" minY="0.0" zindex="5"/><wall maxX="0.05" maxY="1.0" minX="0.0" minY="0.0" zindex="6"/><wall maxX="0.1" maxY="0.1" minX="0.05" minY="-0.01" zindex="7"/><wall maxX="0.45" maxY="0.1" minX="0.4" minY="0.0" zindex="8"/><wall maxX="0.97" maxY="0.05" minX="0.45" minY="0.0" zindex="9"/><wall image="wiese1" maxX="0.77" maxY="0.1" minX="0.72" minY="0.05" zindex="10"/><wall maxX="0.97" maxY="0.1" minX="0.87" minY="0.05" zindex="11"/><wall maxX="0.97" maxY="0.15" minX="0.92" minY="0.1" zindex="12"/><wall maxX="1.0" maxY="0.75" minX="0.97" minY="0.0" zindex="13"/><wall image="blumenwiese21" maxX="0.32" maxY="0.24" minX="0.17" minY="0.19" zindex="14"/><wall maxX="0.85" maxY="0.3" minX="0.56" minY="0.23" zindex="15"/><wall maxX="0.78682736" maxY="0.38" minX="0.6" minY="0.3" zindex="16"/><wall maxX="0.73" maxY="0.45" minX="0.67" minY="0.38" zindex="17"/><wall maxX="0.13" maxY="0.43" minX="0.05" minY="0.38" zindex="18"/><wall image="blumenwiese21" maxX="0.37567508" maxY="0.47124432" minX="0.25282484" minY="0.42124432" zindex="19"/><wall image="blumenwiese21" maxX="0.82" maxY="0.62" minX="0.72" minY="0.56999999" zindex="20"/><wall maxX="0.97" maxY="0.51" minX="0.87" minY="0.46" zindex="21"/><wall image="wiese3" maxX="0.97" maxY="0.56" minX="0.92" minY="0.51" zindex="22"/><wall maxX="1.00000001" maxY="2.0" minX="1.0" minY="0.0" zindex="23"/><wall maxX="0.15" maxY="0.65" minX="0.05" minY="0.6" zindex="24"/><wall maxX="0.1" maxY="0.7" minX="0.05" minY="0.65" zindex="25"/><wall maxX="0.55" maxY="0.65" minX="0.3102249" minY="0.6" zindex="26"/><wall maxX="0.6" maxY="0.7" minX="0.4" minY="0.65" zindex="27"/><wall maxX="0.65" maxY="0.75" minX="0.45" minY="0.7" zindex="28"/><wall maxX="0.6" maxY="0.8" minX="0.5" minY="0.75" zindex="29"/><wall image="wiese2" maxX="0.55" maxY="0.85" minX="0.5" minY="0.8" zindex="30"/><wall maxX="0.97" maxY="0.75" minX="0.92" minY="0.7" zindex="31"/><wall maxX="0.1" maxY="1.0" minX="0.05" minY="0.95" zindex="32"/><wall image="blumenwiese21" maxX="0.33" maxY="0.85" minX="0.18" minY="0.8" zindex="33"/><wall image="blumenwiese21" maxX="0.85" maxY="0.9" minX="0.75" minY="0.85" zindex="34"/></walls><icewalls><icewall maxX="0.87" maxY="0.1" minX="0.77" minY="0.05" zindex="0"/><icewall maxX="0.56" maxY="0.3" minX="0.51" minY="0.23" zindex="1"/><icewall maxX="0.61" maxY="0.38" minX="0.56" minY="0.3" zindex="2"/><icewall maxX="0.67" maxY="0.45" minX="0.61" minY="0.38" zindex="3"/></icewalls><jumpers><jumper maxX="0.5" maxY="0.1" minX="0.45" minY="0.05" zindex="35"/></jumpers><spawnpoints><spawnpoint x="0.075" y="0.15"/><spawnpoint x="0.075" y="0.75"/><spawnpoint x="0.25" y="0.3"/><spawnpoint x="0.25" y="0.9"/><spawnpoint x="0.33" y="0.7"/><spawnpoint x="0.6" y="0.1"/><spawnpoint x="0.925" y="0.2"/><spawnpoint x="0.835" y="0.35"/><spawnpoint x="0.925" y="0.6"/><spawnpoint x="0.75" y="0.655"/><spawnpoint x="0.8" y="0.95"/></spawnpoints><waters><water maxX="0.4" maxY="0.09863472" minX="0.1" minY="0.0" zindex="36"/></waters><backgrounds/></world>