<?xml version="1.0" encoding="UTF-8" standalone="no"?><world xmlns="http://world.bunnies.de" xmlns:xsi="http://www.w3.org/2001/XMLSchema-instance" xsi:noNamespaceSchemaLocation="world.xsd" xsi:schemaLocation="http://world.bunnies.de&#10; world.xsd"><walls><wall maxX="1.0E-8" maxY="2.0" minX="0.0" minY="0.0" zindex="20"/><wall maxX="1.0" maxY="1.0E-8" minX="0.0" minY="0.0" zindex="21"/><wall image="1 (4).png" maxX="0.12" maxY="0.14" minX="0.03" minY="0.07" zindex="49"/><wall image="1 (6).png" maxX="0.42" maxY="0.12" minX="0.32" minY="0.04" zindex="41"/><wall image="1 (13).png" maxX="1.03" maxY="0.06" minX="0.32" minY="-0.02" zindex="17"/><wall image="1 (4).png" maxX="0.98" maxY="0.09" minX="0.84" minY="-0.01" zindex="57"/><wall image="1 (2).png" maxX="0.97" maxY="0.15" minX="0.87" minY="0.07" zindex="56"/><wall image="1 (5).png" maxX="0.76" maxY="0.36" minX="0.53" minY="0.28" zindex="22"/><wall image="1 (2).png" maxX="0.66" maxY="0.44" minX="0.56" minY="0.34" zindex="34"/><wall image="1 (2).png" maxX="0.14" maxY="0.43" minX="0.03" minY="0.36" zindex="48"/><wall image="1 (4).png" maxX="0.98" maxY="0.47" minX="0.87" minY="0.4" zindex="55"/><wall maxX="1.00000001" maxY="2.0" minX="1.0" minY="0.0" zindex="23"/><wall image="1 (15).png" maxX="0.15" maxY="0.65" minX="0.04" minY="0.6" zindex="46"/><wall image="1 (3).png" maxX="0.11" maxY="0.7" minX="0.04" minY="0.63" zindex="47"/><wall image="1 (14).png" maxX="0.56" maxY="0.64" minX="0.25" minY="0.56999999" zindex="24"/><wall image="1 (14).png" maxX="0.6" maxY="0.7" minX="0.39" minY="0.62" zindex="25"/><wall image="1 (14).png" maxX="0.65" maxY="0.75" minX="0.45" minY="0.68" zindex="26"/><wall image="1 (4).png" maxX="0.58657667" maxY="0.8173232" minX="0.5" minY="0.74" zindex="27"/><wall image="1 (1).png" maxX="0.97" maxY="0.78" minX="0.88" minY="0.69" zindex="53"/><wall image="1 (5).png" maxX="0.86" maxY="0.28999999" minX="0.49" minY="0.23" zindex="28"/><wall image="1 (1).png" maxX="0.26" maxY="0.28" minX="0.11" minY="0.22" zindex="18"/><wall image="1 (1).png" maxX="0.79" maxY="0.6" minX="0.72" minY="0.54" zindex="32"/><wall image="1 (1).png" maxX="0.85" maxY="0.88" minX="0.77" minY="0.81" zindex="33"/><wall image="1 (5).png" maxX="0.05" maxY="1.01" minX="-0.01" minY="0.09" zindex="35"/><wall image="1 (1).png" maxX="0.31" maxY="0.84" minX="0.24" minY="0.77" zindex="36"/><wall image="1 (3).png" maxX="0.8" maxY="0.6" minX="0.75" minY="0.53" zindex="37"/><wall image="1 (5).png" maxX="1.02" maxY="0.81" minX="0.97" minY="-0.01" zindex="50"/><wall image="1 (2).png" maxX="0.76" maxY="0.57999999" minX="0.7" minY="0.53" zindex="63"/><wall image="1 (1).png" maxX="0.11" maxY="1.04" minX="-0.02" minY="0.9" zindex="65"/><wall image="1 (1).png" maxX="0.14" maxY="0.97" minX="0.04" minY="0.89" zindex="66"/></walls><icewalls><icewall image="1 (23).png" maxX="0.9" maxY="0.14" minX="0.8" minY="0.05" zindex="19"/><icewall image="1 (23).png" maxX="0.51" maxY="0.3" minX="0.46" minY="0.22" zindex="31"/><icewall image="1 (23).png" maxX="0.54" maxY="0.36" minX="0.49" minY="0.28" zindex="29"/><icewall image="1 (23).png" maxX="0.59" maxY="0.42" minX="0.53" minY="0.34" zindex="30"/></icewalls><jumpers><jumper image="1 (16).png" maxX="0.44" maxY="0.17" minX="0.37" minY="0.08" zindex="42"/></jumpers><spawnpoints><spawnpoint x="0.075" y="0.2"/><spawnpoint x="0.075" y="0.8"/><spawnpoint x="0.175" y="0.3"/><spawnpoint x="0.275" y="0.9"/><spawnpoint x="0.325" y="0.7"/><spawnpoint x="0.6" y="0.1"/><spawnpoint x="0.925" y="0.2"/><spawnpoint x="0.8" y="0.35"/><spawnpoint x="0.925" y="0.55"/><spawnpoint x="0.75" y="0.65"/><spawnpoint x="0.8" y="0.95"/></spawnpoints><waters><water image="1 (10).png" maxX="0.39" maxY="0.1" minX="-0.01" minY="-0.04" zindex="16"/></waters><backgrounds><background image="1 (12).png" maxX="0.23332248" maxY="0.27716678" minX="0.14571" minY="0.0519704" zindex="38"/><background image="1 (11).png" maxX="0.23458648" maxY="0.433072" minX="0.10058664" minY="0.236222" zindex="5"/><background image="1 (7).png" maxX="0.12783201" maxY="0.9385828" minX="-0.01841792" minY="0.06299399" zindex="45"/><background image="1 (3).png" maxX="0.2519839" maxY="0.3322848" minX="0.20968824" minY="0.2629936" zindex="39"/><background image="1 (1).png" maxX="0.22265496" maxY="0.283466" minX="0.19647192" minY="0.25826919" zindex="62"/><background image="1 (4).png" maxX="0.46690192" maxY="0.1007892" minX="0.37526128" minY="-0.007872" zindex="43"/><background image="1 (21).png" maxX="0.39930176" maxY="0.1307104" minX="0.32509159" minY="0.0535452" zindex="40"/><background image="1 (2).png" maxX="0.39741616" maxY="0.0724428" minX="0.29606976" minY="-0.0094468" zindex="44"/><background image="1 (8).png" maxX="1.0170959" maxY="0.7259848" minX="0.8494936" minY="-0.0818876" zindex="54"/><background image="1 (1).png" maxX="1.00363968" maxY="0.826772" minX="0.95209216" minY="0.7275596" zindex="51"/><background image="1 (1).png" maxX="1.04505304" maxY="0.771654" minX="0.90734304" minY="0.64567" zindex="52"/><background image="1 (6).png" maxX="0.39029224" maxY="0.6755912" minX="0.33591208" minY="0.614174" zindex="15"/><background image="1 (6).png" maxX="0.31589974" maxY="0.677166" minX="0.25188848" minY="0.6047252" zindex="13"/><background image="1 (21).png" maxX="0.3524432" maxY="0.6598432" minX="0.29403488" minY="0.60629999" zindex="14"/><background image="1 (21).png" maxX="0.49647072" maxY="0.7527564" minX="0.43458976" minY="0.68504" zindex="58"/><background image="1 (21).png" maxX="0.4573332" maxY="0.708662" minX="0.4034584" minY="0.6724416" zindex="59"/><background image="1 (6).png" maxX="0.42596568" maxY="0.7196856" minX="0.38669112" minY="0.6866148" zindex="61"/><background image="1 (6).png" maxX="0.24010124" maxY="0.2866156" minX="0.21199632" minY="0.2551196" zindex="60"/><background image="1 (1).png" maxX="0.782341" maxY="0.5842528" minX="0.73701048" minY="0.5291348" zindex="12"/><background image="1 (5).png" maxX="0.56595648" maxY="0.6488196" minX="0.24571776" minY="0.559056" zindex="11"/><background image="1 (5).png" maxX="0.604224" maxY="0.6992132" minX="0.38551288" minY="0.6094496" zindex="10"/><background image="1 (5).png" maxX="0.6545724" maxY="0.755906" minX="0.44741" minY="0.669292" zindex="9"/><background image="1 (9).png" maxX="0.86490592" maxY="0.2944896" minX="0.50080583" minY="0.2299228" zindex="8"/><background image="1 (9).png" maxX="0.76427224" maxY="0.3637808" minX="0.64369312" minY="0.2897652" zindex="7"/><background image="1 (21).png" maxX="0.17620568" maxY="0.28031639" minX="0.1490074" minY="0.25354479" zindex="64"/><background image="1 (1).png" maxX="0.1941936" maxY="0.29134" minX="0.16064904" minY="0.2566944" zindex="6"/><background image="1 (10).png" maxX="0.11508933" maxY="0.4346468" minX="0.00180401" minY="0.393702" zindex="4"/><background image="1 (18).png" maxX="0.56725351" maxY="0.6393708" minX="0.30011872" minY="0.0614192" zindex="3"/><background image="1 (17).png" maxX="0.76119376" maxY="0.55275677" minX="0.70580656" minY="0.3401588" zindex="2"/><background image="1 (18).png" maxX="0.12922184" maxY="0.377954" minX="0.03456008" minY="0.1007892" zindex="1"/><background image="1 (18).png" maxX="0.78347712" maxY="0.2409464" minX="0.61385512" minY="0.0362224" zindex="0"/></backgrounds></world>